{"x_scale": 53.75, "y_scale": 6.03125, "x_offset": -50281.66666666667, "y_offset": -3140.7916666666665}