{
  "polynomial_x": [
    87717.32098159584,
    14095.034651080408,
    397.20772717758916
  ],
  "polynomial_y": [
    14432.312840952978,
    13133.820060363996,
    3731.4490450985577
  ],
  "virtual_desktop": {
    "width": 3840,
    "height": 1744,
    "min_x": -1920,
    "min_y": 0,
    "max_x": 1920,
    "max_y": 1744
  },
  "calibration_accuracy": 1222.3543829762318,
  "calibration_method": "polynomial"
}